"animal"	"Sire"	"Dam"	"Batch"	"Head"	"Body"	"Depth"	"Mass"
"1"	13050001	"11059002"	"11080006"	1	186.75	802.72	277.57	56
"2"	13050002	"11059002"	"11080006"	1	199.18	809.72	286.19	52.2
"3"	13050003	"11059002"	"11080006"	1	206.69	814.91	280.38	52
"4"	13050004	"11059002"	"11080006"	1	174.44	831.16	281.19	52
"5"	13050005	"11059002"	"11080006"	1	194.38	817.62	290.36	51.6
"6"	13050006	"11059002"	"11080006"	1	197.58	828.62	279.57	51.6
"7"	13050007	"11059002"	"11080006"	1	180.51	800.49	277.32	51.4
"8"	13050008	"11059002"	"11080006"	1	196.29	801.1	266.42	51.4
"9"	13050009	"11059002"	"11080006"	1	185.62	811.59	280.6	51.2
"10"	13050010	"11059002"	"11080006"	1	196.79	795.06	276.65	51.2
"11"	13050011	"11059002"	"11080006"	1	189.04	826.26	281.38	50.8
"12"	13050012	"11059002"	"11080006"	1	172.87	806.48	272.7	50.6
"13"	13050013	"11059002"	"11080006"	1	190.75	811.85	266.96	50.4
"14"	13050014	"11059002"	"11080006"	1	188.37	824.33	275.9	50.4
"15"	13050015	"11059002"	"11080006"	1	197.17	813.83	294.28	50
"16"	13050016	"11059002"	"11080006"	1	201.93	808.77	280.01	49.8
"17"	13050017	"11059002"	"11080006"	1	188.48	805.36	271.03	49.6
"18"	13050018	"11059002"	"11080006"	1	180.38	817.67	279.29	49.4
"19"	13050019	"11059002"	"11080006"	1	212.99	810.31	289.69	49.2
"20"	13050020	"11059002"	"11080006"	1	186.91	806.31	277.21	49.2
"21"	13050021	"11059002"	"11080006"	1	196.3	816.5	298.22	49
"22"	13050022	"11059002"	"11080006"	1	203.34	823.46	285.25	48.8
"23"	13050023	"11059002"	"11080006"	1	198.35	815.75	289.49	48.8
"24"	13050024	"11059002"	"11080006"	1	203.1	792.63	286.09	48.8
"25"	13050025	"11059002"	"11080006"	1	208.91	794.19	307.57	48.6
"26"	13050026	"11059002"	"11080006"	1	178.56	825.04	289.73	48.6
"27"	13050027	"11059002"	"11080006"	1	189.18	834.92	296.65	48.4
"28"	13050028	"11059002"	"11080006"	1	223.27	802.83	300.58	48
"29"	13050029	"11059002"	"11080006"	1	194.93	823.27	283.3	48
"30"	13050030	"11059002"	"11080006"	1	193.28	802.32	274.23	48
"31"	13050031	"11059002"	"11080006"	1	176.97	808.24	261.93	48
"32"	13050032	"11059002"	"11080006"	1	191.14	796.19	285.71	47.8
"33"	13050033	"11059002"	"11080006"	1	196.92	817.88	284.08	47.6
"34"	13050034	"11059002"	"11080006"	1	200.37	806.23	290.47	47.4
"35"	13050035	"11059002"	"11080006"	1	190.31	800.45	300.22	47.4
"36"	13050036	"11059002"	"11080006"	1	198.49	818.91	293.25	47
"37"	13055001	"11099003"	"11051026"	1	181.78	825.82	277.95	62.8
"38"	13055002	"11099003"	"11051026"	1	192.36	806.07	303.76	62.6
"39"	13055003	"11099003"	"11051026"	1	164.37	824.92	281.2	58.4
"40"	13055004	"11099003"	"11051026"	1	168.53	820.94	291.03	58.2
"41"	13055005	"11099003"	"11051026"	1	189.8	814.6	287.17	58
"42"	13055006	"11099003"	"11051026"	1	173.29	827.61	274.18	57.8
"43"	13055007	"11099003"	"11051026"	1	186.66	807.5	292.02	57.2
"44"	13055008	"11099003"	"11051026"	1	199.62	798.99	304.59	56.6
"45"	13055009	"11099003"	"11051026"	1	182.42	813.86	283.99	56.4
"46"	13055010	"11099003"	"11051026"	1	174.93	797.27	287.98	56.4
"47"	13055011	"11099003"	"11051026"	1	190.13	815.47	285.37	55.8
"48"	13055012	"11099003"	"11051026"	1	172.91	822.76	290.79	54.6
"49"	13055013	"11099003"	"11051026"	1	177.09	818.94	283.77	54.2
"50"	13055014	"11099003"	"11051026"	1	176.37	805.99	276.59	53.8
"51"	13055015	"11099003"	"11051026"	1	176.08	826.22	293.76	52.8
"52"	13055016	"11099003"	"11051026"	1	154.82	814.41	277.11	52.2
"53"	13055017	"11099003"	"11051026"	1	185.06	796.81	279.47	51.8
"54"	13055018	"11099003"	"11051026"	1	163.31	847.29	278.44	51.6
"55"	13055019	"11099003"	"11051026"	1	176.96	805.62	285.13	51.6
"56"	13055020	"11099003"	"11051026"	1	180.16	813.12	283.58	51.4
"57"	13055021	"11099003"	"11051026"	1	186.33	816.47	290.76	51
"58"	13055022	"11099003"	"11051026"	1	176.53	803.19	277.07	50.8
"59"	13055023	"11099003"	"11051026"	1	175.09	814.89	294.39	50.6
"60"	13055024	"11099003"	"11051026"	1	177.8	813.67	287.08	50.4
"61"	13055025	"11099003"	"11051026"	1	183.15	803.07	292.74	50.2
"62"	13055026	"11099003"	"11051026"	1	191.2	817.8	288.16	50.2
"63"	13055027	"11099003"	"11051026"	1	195.66	805.84	291.57	49.8
"64"	13055028	"11099003"	"11051026"	1	174.16	836.54	271.73	49.8
"65"	13055029	"11099003"	"11051026"	1	174.41	831.29	291.52	49.6
"66"	13055030	"11099003"	"11051026"	1	170.85	823.89	284.49	49.4
"67"	13055031	"11099003"	"11051026"	1	197.27	795.12	295.97	49.4
"68"	13055032	"11099003"	"11051026"	1	182.68	818.32	286.42	49
"69"	13055033	"11099003"	"11051026"	1	175.37	822.41	298.86	49
"70"	13055034	"11099003"	"11051026"	1	172.46	818.87	282.44	49
"71"	13055035	"11099003"	"11051026"	1	176.92	835.48	278.58	48.6
"72"	13055036	"11099003"	"11051026"	1	173.37	800.52	279.91	48.6
"73"	13055037	"11099003"	"11051026"	1	170.92	807.78	281.97	48.4
"74"	13057001	"11062001"	"11106028"	1	171.86	806.68	282.57	60
"75"	13057002	"11062001"	"11106028"	1	173.73	820.11	299.03	58.6
"76"	13057003	"11062001"	"11106028"	1	184.56	806.15	288.94	55.2
"77"	13057004	"11062001"	"11106028"	1	175.74	816.82	284.22	54
"78"	13057005	"11062001"	"11106028"	1	188.72	813.78	287.66	53.2
"79"	13057006	"11062001"	"11106028"	1	184.26	820.44	285.75	52.8
"80"	13057007	"11062001"	"11106028"	1	175.07	813.14	289.99	52.6
"81"	13057008	"11062001"	"11106028"	1	170.64	805.31	287.41	52.4
"82"	13057009	"11062001"	"11106028"	1	178.57	811.48	264.82	52
"83"	13057010	"11062001"	"11106028"	1	188.84	792.16	269.01	51.8
"84"	13057011	"11062001"	"11106028"	1	177.92	814.05	289.76	51.2
"85"	13057012	"11062001"	"11106028"	1	196.69	788.41	287.48	51
"86"	13057013	"11062001"	"11106028"	1	183.84	809.28	295.59	50.8
"87"	13057014	"11062001"	"11106028"	1	181.27	812.86	278.13	50.4
"88"	13057015	"11062001"	"11106028"	1	180.29	822.21	290.98	50.2
"89"	13057016	"11062001"	"11106028"	1	168.9	818.6	288.74	49.8
"90"	13057017	"11062001"	"11106028"	1	190.7	798.94	295.26	49.6
"91"	13057018	"11062001"	"11106028"	1	186.55	815.25	273.53	49.6
"92"	13057019	"11062001"	"11106028"	1	179.77	825.43	284.25	49.4
"93"	13057020	"11062001"	"11106028"	1	180.98	809.27	293.79	49.2
"94"	13057021	"11062001"	"11106028"	1	170.55	804.15	270.88	49.2
"95"	13057022	"11062001"	"11106028"	1	158.51	818.69	284.13	48.8
"96"	13057023	"11062001"	"11106028"	1	173.58	834.52	289.78	48.6
"97"	13057024	"11062001"	"11106028"	1	164.81	810.16	288.77	47.8
"98"	13057025	"11062001"	"11106028"	1	199.31	814.59	281.95	47.6
"99"	13057026	"11062001"	"11106028"	1	168.06	830	267.37	47.6
"100"	13057027	"11062001"	"11106028"	1	183.19	813.17	294.61	47.4
"101"	13057028	"11062001"	"11106028"	1	185.42	811.35	282.22	47.4
"102"	13057029	"11062001"	"11106028"	1	165.22	826	289.01	47.2
"103"	13057030	"11062001"	"11106028"	1	206.09	798.71	287.51	47
"104"	13057031	"11062001"	"11106028"	1	197.64	786.66	285.65	47
"105"	13057032	"11062001"	"11106028"	1	181.28	807.4	295.41	46.8
"106"	13057033	"11062001"	"11106028"	1	182.49	812.52	285.23	46.8
"107"	13057034	"11062001"	"11106028"	1	186.64	791.02	286.59	46.6
"108"	13059001	"11120006"	"11012032"	1	194.47	804.22	303.62	68.6
"109"	13059002	"11120006"	"11012032"	1	173.78	795.99	280.4	66.8
"110"	13059003	"11120006"	"11012032"	1	175.86	798.64	282.4	66.2
"111"	13059004	"11120006"	"11012032"	1	166.33	827.95	286.84	65.8
"112"	13059005	"11120006"	"11012032"	1	174.42	813.69	302.2	64
"113"	13059006	"11120006"	"11012032"	1	189.62	823.78	288.48	63.8
"114"	13059007	"11120006"	"11012032"	1	176.07	818.31	292.89	63.2
"115"	13059008	"11120006"	"11012032"	1	172.12	827.81	285.46	62.6
"116"	13059009	"11120006"	"11012032"	1	181.11	813.98	285.63	62.2
"117"	13059010	"11120006"	"11012032"	1	190.86	804.05	291.5	61.4
"118"	13059011	"11120006"	"11012032"	1	184.64	813.17	288.97	61
"119"	13059012	"11120006"	"11012032"	1	195.15	803.23	302.31	60.2
"120"	13059013	"11120006"	"11012032"	1	198.11	800.21	283.98	60
"121"	13059014	"11120006"	"11012032"	1	176.9	805.25	289.67	59.8
"122"	13059015	"11120006"	"11012032"	1	176.79	816.39	285.34	59.8
"123"	13059016	"11120006"	"11012032"	1	190.06	814.44	281.39	59.6
"124"	13059017	"11120006"	"11012032"	1	183.47	827.73	285.07	59.2
"125"	13059018	"11120006"	"11012032"	1	194.36	821.84	303.01	59.2
"126"	13059019	"11120006"	"11012032"	1	164.03	807.51	285.45	59.2
"127"	13059020	"11120006"	"11012032"	1	176.7	801.74	294.92	59.2
"128"	13059021	"11120006"	"11012032"	1	172.41	799.88	278.76	59
"129"	13059022	"11120006"	"11012032"	1	166.15	811.1	271.56	59
"130"	13059023	"11120006"	"11012032"	1	173.97	831.23	275.78	58.8
"131"	13059024	"11120006"	"11012032"	1	164.14	803.05	270.69	58.8
"132"	13059025	"11120006"	"11012032"	1	210.17	798.93	301.33	58
"133"	13059026	"11120006"	"11012032"	1	183.8	813.66	285.08	57.6
"134"	13059027	"11120006"	"11012032"	1	170.47	816.09	276.89	57.4
"135"	13059028	"11120006"	"11012032"	1	178.87	814.04	283.4	57.2
"136"	13059029	"11120006"	"11012032"	1	182.74	817.19	292.11	57.2
"137"	13059030	"11120006"	"11012032"	1	187.87	814.23	286.38	57
"138"	13059031	"11120006"	"11012032"	1	175.39	826.51	287.49	56.6
"139"	13059032	"11120006"	"11012032"	1	190.18	823.72	303.22	56.4
"140"	13059033	"11120006"	"11012032"	1	177.52	812.56	296.87	55.8
"141"	13059034	"11120006"	"11012032"	1	184.06	810.55	285.17	55.8
"142"	13059035	"11120006"	"11012032"	1	165.75	808.7	262.01	50.8
"143"	13063001	"11013011"	"11059018"	2	198.66	786.47	290.94	58.2
"144"	13063002	"11013011"	"11059018"	2	187.19	799.54	278.59	58.2
"145"	13063003	"11013011"	"11059018"	2	185.43	805.17	293.28	58.2
"146"	13063004	"11013011"	"11059018"	2	193.11	790.62	289.13	58
"147"	13063005	"11013011"	"11059018"	2	188.69	793.37	277.58	57.4
"148"	13063006	"11013011"	"11059018"	2	194.54	800.29	286.15	57.2
"149"	13063007	"11013011"	"11059018"	2	198.85	787.68	307.03	57
"150"	13063008	"11013011"	"11059018"	2	200.94	787.97	286.6	55.6
"151"	13063009	"11013011"	"11059018"	2	189.57	788.18	285.56	55.4
"152"	13063010	"11013011"	"11059018"	2	197.35	786.62	298.61	54.2
"153"	13063011	"11013011"	"11059018"	2	196.24	799.71	295.01	53.8
"154"	13063012	"11013011"	"11059018"	2	184.9	807.62	298.2	53.4
"155"	13063013	"11013011"	"11059018"	2	193.23	793.19	285.86	53.4
"156"	13063014	"11013011"	"11059018"	2	186.93	799.47	291.29	53.2
"157"	13063015	"11013011"	"11059018"	2	188.92	798.3	300.48	53
"158"	13063016	"11013011"	"11059018"	2	190.14	796.29	289.06	52.8
"159"	13063017	"11013011"	"11059018"	2	204.81	789.17	298.9	52.8
"160"	13063018	"11013011"	"11059018"	2	211.72	787.65	304.19	52.6
"161"	13063019	"11013011"	"11059018"	2	191.97	799.67	285.3	52.4
"162"	13063020	"11013011"	"11059018"	2	194.81	798.83	293.09	52
"163"	13063021	"11013011"	"11059018"	2	192.48	799.52	296.99	51.8
"164"	13063022	"11013011"	"11059018"	2	197.09	800.41	282.81	51.8
"165"	13063023	"11013011"	"11059018"	2	210	785.54	292.55	50.8
"166"	13063024	"11013011"	"11059018"	2	193.43	800.1	283.96	50.6
"167"	13063025	"11013011"	"11059018"	2	188.72	800.04	277.25	50.6
"168"	13063026	"11013011"	"11059018"	2	200.87	786.78	294.2	50.4
"169"	13063027	"11013011"	"11059018"	2	186.17	797.22	289.65	50.2
"170"	13063028	"11013011"	"11059018"	2	200.2	797.16	291.99	50
"171"	13063029	"11013011"	"11059018"	2	201.28	787.29	303.51	49.8
"172"	13063030	"11013011"	"11059018"	2	194.69	799.39	287.44	49.8
"173"	13063031	"11013011"	"11059018"	2	167.22	813.74	293.38	49.6
"174"	13063032	"11013011"	"11059018"	2	173.16	807.55	277.44	49.4
"175"	13063033	"11013011"	"11059018"	2	198.61	786.38	288.19	49.4
"176"	13063034	"11013011"	"11059018"	2	182.49	803.19	288.85	49.4
"177"	13063035	"11013011"	"11059018"	2	200.75	797.33	286.86	49
"178"	13063036	"11013011"	"11059018"	2	194.28	796.01	283.33	48.6
"179"	13063037	"11013011"	"11059018"	2	185.03	800.64	298.32	46
"180"	13064001	"11059014"	"11013007"	2	194.57	799.41	295.27	56.8
"181"	13064002	"11059014"	"11013007"	2	200.68	785.53	288.99	56.6
"182"	13064003	"11059014"	"11013007"	2	196.34	798.18	283.66	54.6
"183"	13064004	"11059014"	"11013007"	2	192.96	799.42	304.92	54.4
"184"	13064005	"11059014"	"11013007"	2	200.71	790.41	298.89	54
"185"	13064006	"11059014"	"11013007"	2	202	793.16	289.58	53.8
"186"	13064007	"11059014"	"11013007"	2	187.64	797.86	298.8	53.2
"187"	13064008	"11059014"	"11013007"	2	194.94	798.84	290.26	53.2
"188"	13064009	"11059014"	"11013007"	2	201.44	787.43	283.35	53
"189"	13064010	"11059014"	"11013007"	2	200.58	797.47	282.6	52.2
"190"	13064011	"11059014"	"11013007"	2	200.72	796.34	292.31	52
"191"	13064012	"11059014"	"11013007"	2	195.65	790.68	287.02	51.6
"192"	13064013	"11059014"	"11013007"	2	199.22	788.52	296.95	51.4
"193"	13064014	"11059014"	"11013007"	2	213.98	777.1	301.99	51.4
"194"	13064015	"11059014"	"11013007"	2	215.23	780.75	302.8	51
"195"	13064016	"11059014"	"11013007"	2	190.2	797.53	301.77	50.6
"196"	13064017	"11059014"	"11013007"	2	197.93	793.77	284.99	50.6
"197"	13064018	"11059014"	"11013007"	2	194.18	794.39	298.68	50.2
"198"	13064019	"11059014"	"11013007"	2	175.52	800.09	281.04	50.2
"199"	13064020	"11059014"	"11013007"	2	202.62	789.69	289.91	49.6
"200"	13064021	"11059014"	"11013007"	2	191.46	794.02	287.26	49.2
"201"	13064022	"11059014"	"11013007"	2	166.72	812.77	281.45	48.8
"202"	13064023	"11059014"	"11013007"	2	202.38	777.78	299.73	48.6
"203"	13064024	"11059014"	"11013007"	2	189.6	792.04	284.65	48.6
"204"	13064025	"11059014"	"11013007"	2	171.95	802.33	287.33	48.4
"205"	13064026	"11059014"	"11013007"	2	195.95	793.1	282.86	48.2
"206"	13064027	"11059014"	"11013007"	2	189.01	796.03	298.59	48.2
"207"	13064028	"11059014"	"11013007"	2	202.96	783.47	330.64	48
"208"	13064029	"11059014"	"11013007"	2	195.71	793.93	282.52	47.6
"209"	13064030	"11059014"	"11013007"	2	193.81	796.97	290.75	47.4
"210"	13064031	"11059014"	"11013007"	2	196.23	787.87	280.67	47.4
"211"	13064032	"11059014"	"11013007"	2	194.84	792.45	284.81	47.2
"212"	13064033	"11059014"	"11013007"	2	188.43	802.99	277.59	47.2
"213"	13064034	"11059014"	"11013007"	2	208.21	776.01	288.38	47
"214"	13068001	"11106011"	"11099009"	2	174.82	786.37	308.74	66.4
"215"	13068002	"11106011"	"11099009"	2	178.25	797.21	299.5	65.8
"216"	13068003	"11106011"	"11099009"	2	180.04	802.67	279.09	64.6
"217"	13068004	"11106011"	"11099009"	2	178.44	802.08	283.2	64.4
"218"	13068005	"11106011"	"11099009"	2	193.44	780.08	307.59	64.4
"219"	13068006	"11106011"	"11099009"	2	190.63	787.32	297.16	64.2
"220"	13068007	"11106011"	"11099009"	2	176.65	798.89	289.39	63.8
"221"	13068008	"11106011"	"11099009"	2	177.86	796.09	286.47	63.4
"222"	13068009	"11106011"	"11099009"	2	181.09	804.78	289.18	62.8
"223"	13068010	"11106011"	"11099009"	2	183.93	782.74	298.06	62.6
"224"	13068011	"11106011"	"11099009"	2	180.67	801.44	294.27	62.2
"225"	13068012	"11106011"	"11099009"	2	177.52	793.56	292.76	62
"226"	13068013	"11106011"	"11099009"	2	180.28	799.23	307.45	62
"227"	13068014	"11106011"	"11099009"	2	168.8	802.81	294.64	61.8
"228"	13068015	"11106011"	"11099009"	2	190.05	789.38	295.04	60.8
"229"	13068016	"11106011"	"11099009"	2	186.76	782.7	303.48	60.8
"230"	13068017	"11106011"	"11099009"	2	180.31	793.6	286.75	60.6
"231"	13068018	"11106011"	"11099009"	2	187.1	789.8	283.01	60.6
"232"	13068019	"11106011"	"11099009"	2	202.44	781.53	304.95	60.4
"233"	13068020	"11106011"	"11099009"	2	170.05	798.77	289.79	60.2
"234"	13068021	"11106011"	"11099009"	2	179.52	802.24	293.69	60.2
"235"	13068022	"11106011"	"11099009"	2	175.63	803.57	287.38	60
"236"	13068023	"11106011"	"11099009"	2	176.01	802.26	291.32	60
"237"	13068024	"11106011"	"11099009"	2	180.9	790.44	304.91	59.6
"238"	13068025	"11106011"	"11099009"	2	178.92	800.26	303.08	59.2
"239"	13068026	"11106011"	"11099009"	2	166.51	806.69	282.5	59.2
"240"	13068027	"11106011"	"11099009"	2	191.79	790.95	289.94	59.2
"241"	13068028	"11106011"	"11099009"	2	188.37	792.57	290.77	58.8
"242"	13068029	"11106011"	"11099009"	2	176.33	793.97	281.13	58.8
"243"	13068030	"11106011"	"11099009"	2	189.21	793.01	295.76	58.8
"244"	13068031	"11106011"	"11099009"	2	176.94	803.41	286.86	58.6
"245"	13068032	"11106011"	"11099009"	2	175.11	805.38	285.35	58.6
"246"	13068033	"11106011"	"11099009"	2	188.2	790.82	287.6	58.4
"247"	13068034	"11106011"	"11099009"	2	176.59	806.26	280.3	58.4
"248"	13068035	"11106011"	"11099009"	2	173.43	788.87	302.6	58.2
"249"	13068036	"11106011"	"11099009"	2	189.36	786.47	308.59	58
"250"	13068037	"11106011"	"11099009"	2	154.49	822.75	257.37	57.2
"251"	13071001	"11113003"	"11097009"	2	209.31	781.99	290.37	64.4
"252"	13071002	"11113003"	"11097009"	2	206.54	785.03	290.09	61.8
"253"	13071003	"11113003"	"11097009"	2	192.6	791.56	291.84	57.2
"254"	13071004	"11113003"	"11097009"	2	184.21	807.19	290.96	56.2
"255"	13071005	"11113003"	"11097009"	2	216.26	768.21	290.64	56
"256"	13071006	"11113003"	"11097009"	2	192.73	804.4	287.67	55.8
"257"	13071007	"11113003"	"11097009"	2	179.89	808.21	276.41	55.8
"258"	13071008	"11113003"	"11097009"	2	183.35	798.78	282.96	55.8
"259"	13071009	"11113003"	"11097009"	2	199.5	800.17	275.8	55.4
"260"	13071010	"11113003"	"11097009"	2	211.52	780.03	297.07	55.4
"261"	13071011	"11113003"	"11097009"	2	194.42	786.02	291.58	54.6
"262"	13071012	"11113003"	"11097009"	2	192.26	800.93	300.78	54.6
"263"	13071013	"11113003"	"11097009"	2	204	778.51	296.85	54.4
"264"	13071014	"11113003"	"11097009"	2	182.19	803.75	287.12	53.8
"265"	13071015	"11113003"	"11097009"	2	194.18	799.81	291.27	53.8
"266"	13071016	"11113003"	"11097009"	2	196.93	794.62	283.85	53
"267"	13071017	"11113003"	"11097009"	2	212.53	775.34	298.32	52.8
"268"	13071018	"11113003"	"11097009"	2	200.94	790.4	280.63	52.6
"269"	13071019	"11113003"	"11097009"	2	187.08	805.36	283.01	52.4
"270"	13071020	"11113003"	"11097009"	2	194.22	793.82	293.68	52.2
"271"	13071021	"11113003"	"11097009"	2	175.61	801.36	276.02	52
"272"	13071022	"11113003"	"11097009"	2	188.78	812.02	270.28	52
"273"	13071023	"11113003"	"11097009"	2	206.94	779.11	303.03	51
"274"	13071024	"11113003"	"11097009"	2	227.52	773.98	291.81	51
"275"	13071025	"11113003"	"11097009"	2	185.99	798.21	280.64	50.6
"276"	13071026	"11113003"	"11097009"	2	194.21	793.07	278.24	50.4
"277"	13071027	"11113003"	"11097009"	2	203.73	785.91	283.01	50.4
"278"	13071028	"11113003"	"11097009"	2	208.28	793.42	284.22	50
"279"	13071029	"11113003"	"11097009"	2	205	791.34	291.61	49.8
"280"	13071030	"11113003"	"11097009"	2	199.79	790.5	296.52	49.6
"281"	13071031	"11113003"	"11097009"	2	191.17	802.14	300.57	49.4
"282"	13071032	"11113003"	"11097009"	2	194.35	790.48	303.51	49.4
"283"	13071033	"11113003"	"11097009"	2	199.83	791.58	293.1	49.2
"284"	13071034	"11113003"	"11097009"	2	184.58	806.03	277.35	48.6
"285"	13071035	"11113003"	"11097009"	2	208.59	785.93	286.66	48.2
"286"	13071036	"11113003"	"11097009"	2	198.46	794.93	297.92	36.4
"287"	13077001	"11086002"	"11123025"	3	180.14	805.88	268.35	56.2
"288"	13077002	"11086002"	"11123025"	3	173.19	795.23	284.78	56.2
"289"	13077003	"11086002"	"11123025"	3	170.95	804.26	275.97	54
"290"	13077004	"11086002"	"11123025"	3	169.46	810.76	270.2	52.8
"291"	13077005	"11086002"	"11123025"	3	173.88	798.31	272.62	52.6
"292"	13077006	"11086002"	"11123025"	3	168.51	806.39	262.89	52.6
"293"	13077007	"11086002"	"11123025"	3	177.04	806.46	269.84	52.4
"294"	13077008	"11086002"	"11123025"	3	154.39	801.65	279.74	52.4
"295"	13077009	"11086002"	"11123025"	3	172.6	804.95	275.84	52.2
"296"	13077010	"11086002"	"11123025"	3	171.79	800.99	273.88	52
"297"	13077011	"11086002"	"11123025"	3	179.33	812.05	269.22	51.8
"298"	13077012	"11086002"	"11123025"	3	175.77	802.54	281.5	51.8
"299"	13077013	"11086002"	"11123025"	3	183.19	769.54	268.2	51.8
"300"	13077014	"11086002"	"11123025"	3	171.72	801.45	270.21	51.4
"301"	13077015	"11086002"	"11123025"	3	182.07	801.88	287.12	51.2
"302"	13077016	"11086002"	"11123025"	3	178.18	799.29	275.6	50.4
"303"	13077017	"11086002"	"11123025"	3	178.04	807.76	284.51	50.4
"304"	13077018	"11086002"	"11123025"	3	159.02	811.87	273.96	50.4
"305"	13077019	"11086002"	"11123025"	3	180.05	802.78	285.48	49.8
"306"	13077020	"11086002"	"11123025"	3	164.12	810.22	272.53	49.8
"307"	13077021	"11086002"	"11123025"	3	170.85	806.35	271.78	49.6
"308"	13077022	"11086002"	"11123025"	3	185.15	806.61	288.29	49.6
"309"	13077023	"11086002"	"11123025"	3	166.62	812.28	265.99	49.2
"310"	13077024	"11086002"	"11123025"	3	177.35	798.18	265.38	49.2
"311"	13077025	"11086002"	"11123025"	3	186.66	796.58	281.71	49
"312"	13077026	"11086002"	"11123025"	3	171.96	809.58	258.16	49
"313"	13077027	"11086002"	"11123025"	3	174.05	801.61	276.6	48.8
"314"	13077028	"11086002"	"11123025"	3	187.33	801.03	288.39	48.6
"315"	13077029	"11086002"	"11123025"	3	176.92	805.76	282.14	48.4
"316"	13077030	"11086002"	"11123025"	3	182.33	803.02	265.55	48.4
"317"	13077031	"11086002"	"11123025"	3	173.35	811.78	267.08	48.4
"318"	13077032	"11086002"	"11123025"	3	171.56	807	283.4	48
"319"	13077033	"11086002"	"11123025"	3	163.42	813.18	266.91	47.8
"320"	13077034	"11086002"	"11123025"	3	176.75	811.85	263.94	47.8
"321"	13077035	"11086002"	"11123025"	3	168.04	809.17	277.76	47.8
"322"	13077036	"11086002"	"11123025"	3	173.74	803.58	270.9	47.8
"323"	13077037	"11086002"	"11123025"	3	171.87	807.25	264.46	47.6
"324"	13078001	"11333011"	"11099005"	3	178.12	797.19	277.46	65.4
"325"	13078002	"11333011"	"11099005"	3	184.03	801.97	272.58	64.2
"326"	13078003	"11333011"	"11099005"	3	185.16	801.66	282.84	63.8
"327"	13078004	"11333011"	"11099005"	3	174.5	806.11	272.08	63.6
"328"	13078005	"11333011"	"11099005"	3	184.47	799.13	275.13	62.6
"329"	13078006	"11333011"	"11099005"	3	197.21	797.32	270.84	62.4
"330"	13078007	"11333011"	"11099005"	3	198.17	797.84	279.62	62.2
"331"	13078008	"11333011"	"11099005"	3	192.27	797.11	275.41	62
"332"	13078009	"11333011"	"11099005"	3	174.2	818.08	273.41	61.8
"333"	13078010	"11333011"	"11099005"	3	181.82	806.02	281.31	61.2
"334"	13078011	"11333011"	"11099005"	3	170.43	805.44	272.88	60.2
"335"	13078012	"11333011"	"11099005"	3	174	804.69	277.31	60.2
"336"	13078013	"11333011"	"11099005"	3	181.75	785.21	283.11	58.8
"337"	13078014	"11333011"	"11099005"	3	185.93	804.79	273.82	58.8
"338"	13078015	"11333011"	"11099005"	3	179.84	801.01	269.83	58
"339"	13078016	"11333011"	"11099005"	3	169.57	803.52	267.8	57.6
"340"	13078017	"11333011"	"11099005"	3	187.6	797.99	285.36	57.6
"341"	13078018	"11333011"	"11099005"	3	179.82	801.96	274.71	57.6
"342"	13078019	"11333011"	"11099005"	3	164.26	813.18	259.13	57.4
"343"	13078020	"11333011"	"11099005"	3	187.1	804.96	267.48	57.4
"344"	13078021	"11333011"	"11099005"	3	174.21	808.95	277.25	57.4
"345"	13078022	"11333011"	"11099005"	3	157.4	818.46	262.22	57
"346"	13078023	"11333011"	"11099005"	3	183.7	800.43	275.76	57
"347"	13078024	"11333011"	"11099005"	3	171.49	809.63	275.64	57
"348"	13078025	"11333011"	"11099005"	3	166.71	810.33	284.52	57
"349"	13078026	"11333011"	"11099005"	3	164.74	812.59	269.82	56.8
"350"	13078027	"11333011"	"11099005"	3	175.48	806.02	271.02	56.6
"351"	13078028	"11333011"	"11099005"	3	178.7	808.92	272.25	56.6
"352"	13078029	"11333011"	"11099005"	3	198.34	787.81	264	56.4
"353"	13078030	"11333011"	"11099005"	3	166.35	816.69	253.23	56.2
"354"	13078031	"11333011"	"11099005"	3	168.55	810.11	268.14	56.2
"355"	13078032	"11333011"	"11099005"	3	180.96	800.9	278.81	56.2
"356"	13078033	"11333011"	"11099005"	3	172.43	809.77	274.7	56
"357"	13078034	"11333011"	"11099005"	3	193.08	791.38	280.73	56
"358"	13082001	"11111004"	"11335012"	3	172.4	805.61	278.27	58.2
"359"	13082002	"11111004"	"11335012"	3	183.51	784.56	273.76	57.4
"360"	13082003	"11111004"	"11335012"	3	170.82	800.99	262.15	57
"361"	13082004	"11111004"	"11335012"	3	174.41	802.31	266.42	55.6
"362"	13082005	"11111004"	"11335012"	3	183.42	804.46	264.85	55.2
"363"	13082006	"11111004"	"11335012"	3	186.07	799.46	282.58	53.2
"364"	13082007	"11111004"	"11335012"	3	163.8	812.62	269.59	53
"365"	13082008	"11111004"	"11335012"	3	174.3	801.99	262.14	52.6
"366"	13082009	"11111004"	"11335012"	3	169.15	807.47	271.72	52.2
"367"	13082010	"11111004"	"11335012"	3	165.3	808.66	266.55	52
"368"	13082011	"11111004"	"11335012"	3	187.49	796.48	286.41	51.6
"369"	13082012	"11111004"	"11335012"	3	154.58	815.19	271.38	51.6
"370"	13082013	"11111004"	"11335012"	3	175.96	804.19	267.94	51.6
"371"	13082014	"11111004"	"11335012"	3	172.8	810.16	272.07	51.6
"372"	13082015	"11111004"	"11335012"	3	171.89	801.68	266.73	51.6
"373"	13082016	"11111004"	"11335012"	3	188.57	796.79	284.49	51.4
"374"	13082017	"11111004"	"11335012"	3	164.04	803.97	268.02	51.4
"375"	13082018	"11111004"	"11335012"	3	184.2	796.61	275.98	51.2
"376"	13082019	"11111004"	"11335012"	3	152.85	826.22	264.13	51.2
"377"	13082020	"11111004"	"11335012"	3	175.24	799.73	271.07	51
"378"	13082021	"11111004"	"11335012"	3	183.98	792.42	282.5	50.8
"379"	13082022	"11111004"	"11335012"	3	175.47	811.06	272.19	50.8
"380"	13082023	"11111004"	"11335012"	3	177.6	800.65	278.76	50.8
"381"	13082024	"11111004"	"11335012"	3	175.41	801.98	268.41	50.6
"382"	13082025	"11111004"	"11335012"	3	177.27	807.12	270.27	50.6
"383"	13082026	"11111004"	"11335012"	3	179.84	808.86	269.51	50.6
"384"	13082027	"11111004"	"11335012"	3	171.99	803.07	266	50.4
"385"	13082028	"11111004"	"11335012"	3	170.73	798.9	281.36	50.4
"386"	13082029	"11111004"	"11335012"	3	180.56	794.8	272.04	50.4
"387"	13082030	"11111004"	"11335012"	3	168.81	808.02	269.46	50.4
"388"	13082031	"11111004"	"11335012"	3	177.32	803.46	267.35	50
"389"	13082032	"11111004"	"11335012"	3	179.42	801.55	277.25	50
"390"	13082033	"11111004"	"11335012"	3	173.44	806.13	276.87	50
"391"	13082034	"11111004"	"11335012"	3	174.33	802.21	264.45	50
"392"	13082035	"11111004"	"11335012"	3	170.16	804.09	263.97	49.8
"393"	13082036	"11111004"	"11335012"	3	191.17	792.62	277.1	49.8
"394"	13083001	"11051003"	"11120010"	3	188.65	792.22	305.04	63.2
"395"	13083002	"11051003"	"11120010"	3	194.77	792.47	299.05	62
"396"	13083003	"11051003"	"11120010"	3	175.33	807.73	286.49	62
"397"	13083004	"11051003"	"11120010"	3	167.01	815.74	291.71	61
"398"	13083005	"11051003"	"11120010"	3	184.14	797.86	281.96	59
"399"	13083006	"11051003"	"11120010"	3	164.1	813.71	277.14	58.8
"400"	13083007	"11051003"	"11120010"	3	172.97	809.54	287.66	58.4
"401"	13083008	"11051003"	"11120010"	3	188.61	795.79	285.5	58
"402"	13083009	"11051003"	"11120010"	3	171.53	806.16	272.99	57.6
"403"	13083010	"11051003"	"11120010"	3	175.43	812.2	275.68	57.4
"404"	13083011	"11051003"	"11120010"	3	179.05	800.92	285.15	57.4
"405"	13083012	"11051003"	"11120010"	3	177.71	803.83	271.92	57
"406"	13083013	"11051003"	"11120010"	3	164.73	801.54	278.76	57
"407"	13083014	"11051003"	"11120010"	3	179.49	806.55	277.2	56.8
"408"	13083015	"11051003"	"11120010"	3	181.36	800.91	276.57	56.4
"409"	13083016	"11051003"	"11120010"	3	173.55	812.46	270.98	56.2
"410"	13083017	"11051003"	"11120010"	3	174.43	806.42	283.21	56
"411"	13083018	"11051003"	"11120010"	3	168.63	801.85	276.94	55.8
"412"	13083019	"11051003"	"11120010"	3	185.8	809.33	279.51	55.4
"413"	13083020	"11051003"	"11120010"	3	175.21	796.37	279.86	55.4
"414"	13083021	"11051003"	"11120010"	3	178.51	792.86	286.57	55.4
"415"	13083022	"11051003"	"11120010"	3	166.43	813.99	282.58	55.2
"416"	13083023	"11051003"	"11120010"	3	160.51	823.3	280.82	54.8
"417"	13083024	"11051003"	"11120010"	3	178.8	811.71	288.76	54.8
"418"	13083025	"11051003"	"11120010"	3	164.26	812.61	272.29	54.4
"419"	13083026	"11051003"	"11120010"	3	169.46	817.44	283.18	54.2
"420"	13083027	"11051003"	"11120010"	3	176.23	812.85	282.44	54.2
"421"	13083028	"11051003"	"11120010"	3	182.1	807.07	291.55	54.2
"422"	13083029	"11051003"	"11120010"	3	175.37	802.34	278.53	54
"423"	13083030	"11051003"	"11120010"	3	169.3	799.81	283.17	54
"424"	13083031	"11051003"	"11120010"	3	167.4	808.23	289.88	53.8
"425"	13083032	"11051003"	"11120010"	3	164.45	799.71	289.4	53.6
"426"	13083033	"11051003"	"11120010"	3	165.43	799.02	271.7	53.4
"427"	13083034	"11051003"	"11120010"	3	162.92	814.25	265.68	53.4
"428"	13083035	"11051003"	"11120010"	3	163.39	808.08	290.01	53.4
"429"	13083036	"11051003"	"11120010"	3	175.45	797.36	272.74	53.4
"430"	13083037	"11051003"	"11120010"	3	182.45	803.87	273.73	53.4
"431"	13083038	"11051003"	"11120010"	3	188.73	796.17	294.02	53.4
"432"	13118001	"10053011"	"11126004"	4	158.17	809.86	301.28	60.4
"433"	13118002	"10053011"	"11126004"	4	168.14	804.63	290.42	60.2
"434"	13118003	"10053011"	"11126004"	4	161.27	805.37	290.33	59.8
"435"	13118004	"10053011"	"11126004"	4	159.05	815.53	290.47	59.6
"436"	13118005	"10053011"	"11126004"	4	156.66	805.51	293.81	59.4
"437"	13118006	"10053011"	"11126004"	4	157.1	819.04	282.53	58.8
"438"	13118007	"10053011"	"11126004"	4	171.66	806.16	276.81	58.2
"439"	13118008	"10053011"	"11126004"	4	174.05	805.48	283.42	57.8
"440"	13118009	"10053011"	"11126004"	4	156.89	812.39	285.34	57.8
"441"	13118010	"10053011"	"11126004"	4	172.41	811.72	288.61	57.4
"442"	13118011	"10053011"	"11126004"	4	158.1	804.85	289.5	57
"443"	13118012	"10053011"	"11126004"	4	153.51	817.39	284.91	57
"444"	13118013	"10053011"	"11126004"	4	160.46	812.16	273.88	56.8
"445"	13118014	"10053011"	"11126004"	4	176.89	796.65	299.69	56.6
"446"	13118015	"10053011"	"11126004"	4	155.62	809.7	273.22	56.4
"447"	13118016	"10053011"	"11126004"	4	151.26	819.18	281.72	56.2
"448"	13118017	"10053011"	"11126004"	4	158.01	811.84	270.26	56
"449"	13118018	"10053011"	"11126004"	4	155.15	807.02	275.76	55.6
"450"	13118019	"10053011"	"11126004"	4	165.98	806.15	293.15	55
"451"	13118020	"10053011"	"11126004"	4	152.14	824.14	283.99	54.8
"452"	13118021	"10053011"	"11126004"	4	149.59	824.71	265.57	53.8
"453"	13118022	"10053011"	"11126004"	4	144.33	822.43	282.91	53.6
"454"	13118023	"10053011"	"11126004"	4	165.72	810.27	273.12	53.4
"455"	13118024	"10053011"	"11126004"	4	163.28	802	293.98	53.2
"456"	13118025	"10053011"	"11126004"	4	158.82	810.09	275.89	53.2
"457"	13118026	"10053011"	"11126004"	4	156.96	813.48	284.59	52.8
"458"	13118027	"10053011"	"11126004"	4	159.6	805.32	263.99	52.6
"459"	13118028	"10053011"	"11126004"	4	170.12	805.19	280.98	52.4
"460"	13118029	"10053011"	"11126004"	4	185.87	792.81	294.48	52.2
"461"	13118030	"10053011"	"11126004"	4	156.25	811.65	273.63	52.2
"462"	13118031	"10053011"	"11126004"	4	173.87	807.57	276.87	52.2
"463"	13118032	"10053011"	"11126004"	4	152.12	813.91	287.48	51.8
"464"	13118033	"10053011"	"11126004"	4	164.19	809.45	274.22	51.6
"465"	13118034	"10053011"	"11126004"	4	189.38	820.72	280.71	51.6
"466"	13118035	"10053011"	"11126004"	4	160.74	813.49	274.42	51.4
"467"	13118036	"10053011"	"11126004"	4	158.04	811.03	273.28	50.8
"468"	13118037	"10053011"	"11126004"	4	158.43	817.98	279.26	50.8
"469"	13118038	"10053011"	"11126004"	4	172.12	802.75	292.9	50.6
"470"	13118039	"10053011"	"11126004"	4	184.17	794.76	296.85	50.6
"471"	13118040	"10053011"	"11126004"	4	174.45	800.57	291.18	50.6
"472"	13118041	"10053011"	"11126004"	4	166.47	811.64	270.35	50.6
"473"	13118042	"10053011"	"11126004"	4	184.69	799.23	271.71	50.2
"474"	13123001	"11113001"	"11099031"	4	194.01	786.12	302.92	71.4
"475"	13123002	"11113001"	"11099031"	4	177.12	787.06	292.24	65.8
"476"	13123003	"11113001"	"11099031"	4	171.52	798.56	294.34	63.4
"477"	13123004	"11113001"	"11099031"	4	177.56	796.81	276.82	62
"478"	13123005	"11113001"	"11099031"	4	162.41	808.49	298.06	61.8
"479"	13123006	"11113001"	"11099031"	4	164	808.28	293.97	60.2
"480"	13123007	"11113001"	"11099031"	4	169.12	819.63	308.16	59
"481"	13123008	"11113001"	"11099031"	4	189.69	788.96	303.16	58.6
"482"	13123009	"11113001"	"11099031"	4	170.83	808.31	299.6	58.4
"483"	13123010	"11113001"	"11099031"	4	181.59	801.79	304.07	57.8
"484"	13123011	"11113001"	"11099031"	4	168.23	811.22	288	57.2
"485"	13123012	"11113001"	"11099031"	4	155.78	818.12	283.39	56.8
"486"	13123013	"11113001"	"11099031"	4	163.36	805.33	302.55	56.8
"487"	13123014	"11113001"	"11099031"	4	169.93	802.4	295.52	56.4
"488"	13123015	"11113001"	"11099031"	4	170.19	803.04	284.54	56
"489"	13123016	"11113001"	"11099031"	4	164.35	819.83	288.09	55.8
"490"	13123017	"11113001"	"11099031"	4	182.17	796.21	290.73	55.8
"491"	13123018	"11113001"	"11099031"	4	180.97	799.3	289.97	55.6
"492"	13123019	"11113001"	"11099031"	4	141.39	815.2	285.21	55.6
"493"	13123020	"11113001"	"11099031"	4	182.66	790.82	294.73	55.6
"494"	13123021	"11113001"	"11099031"	4	161.87	799.22	289.42	55.6
"495"	13123022	"11113001"	"11099031"	4	169.63	808.16	281.79	55.6
"496"	13123023	"11113001"	"11099031"	4	183.61	795.44	306.79	55.4
"497"	13123024	"11113001"	"11099031"	4	187.41	796.18	297.44	55.2
"498"	13123025	"11113001"	"11099031"	4	179.8	798.45	277.32	55
"499"	13123026	"11113001"	"11099031"	4	181.36	791.29	291.94	55
"500"	13123027	"11113001"	"11099031"	4	166.01	798.46	303.38	55
"501"	13123028	"11113001"	"11099031"	4	191.61	792.36	297.64	54.4
"502"	13123029	"11113001"	"11099031"	4	173.49	803.96	289.63	54.4
"503"	13123030	"11113001"	"11099031"	4	172.34	802.09	288.1	54.2
"504"	13123031	"11113001"	"11099031"	4	186.48	801.96	281.05	54.2
"505"	13123032	"11113001"	"11099031"	4	163	808.75	293.91	54.2
"506"	13123033	"11113001"	"11099031"	4	174.17	807.67	282.16	54.2
"507"	13123034	"11113001"	"11099031"	4	169.95	805.07	288.98	54
"508"	13123035	"11113001"	"11099031"	4	178.44	795.86	289.6	53.6
"509"	13123036	"11113001"	"11099031"	4	166.07	810.15	291.37	53.4
"510"	13123037	"11113001"	"11099031"	4	176	801.15	289.12	53.2
"511"	13123038	"11113001"	"11099031"	4	170.59	805.48	297.5	53.2
"512"	13123039	"11113001"	"11099031"	4	178.27	810.91	298.06	53
"513"	13123040	"11113001"	"11099031"	4	172.25	812.47	286.83	53
"514"	13127001	"11045008"	"11024019"	4	178.11	810.29	280.92	54
"515"	13127002	"11045008"	"11024019"	4	168.29	809.94	271.81	52.2
"516"	13127003	"11045008"	"11024019"	4	169.07	810.69	279.78	52
"517"	13127004	"11045008"	"11024019"	4	169.66	809.93	274.02	51.8
"518"	13127005	"11045008"	"11024019"	4	156.2	818.29	274.27	51.4
"519"	13127006	"11045008"	"11024019"	4	168	807.06	290.58	49.6
"520"	13127007	"11045008"	"11024019"	4	173.87	807.57	276.87	49.6
"521"	13127008	"11045008"	"11024019"	4	170.76	802.85	291.51	49.4
"522"	13127009	"11045008"	"11024019"	4	172.92	808.75	276.17	49.2
"523"	13127010	"11045008"	"11024019"	4	174	806.85	275.99	48.8
"524"	13127011	"11045008"	"11024019"	4	180.28	790.67	283.96	48.2
"525"	13127012	"11045008"	"11024019"	4	169.47	794.85	298.8	47.8
"526"	13127013	"11045008"	"11024019"	4	180	803.9	289.55	47.6
"527"	13127014	"11045008"	"11024019"	4	171.5	807.61	272.3	47.6
"528"	13127015	"11045008"	"11024019"	4	183.07	799.59	275.68	47.4
"529"	13127016	"11045008"	"11024019"	4	161.96	813.16	277.04	47.4
"530"	13127017	"11045008"	"11024019"	4	162.59	811.83	255.51	47
"531"	13127018	"11045008"	"11024019"	4	175.06	805.61	280.01	47
"532"	13127019	"11045008"	"11024019"	4	165.09	809.86	271.53	47
"533"	13127020	"11045008"	"11024019"	4	163.14	816.2	280.21	46.8
"534"	13127021	"11045008"	"11024019"	4	194.91	791.93	274.86	46.8
"535"	13127022	"11045008"	"11024019"	4	165.24	810.91	292.52	45.8
"536"	13127023	"11045008"	"11024019"	4	167.81	816.34	272.38	45.8
"537"	13127024	"11045008"	"11024019"	4	170.17	816.87	267.01	45.8
"538"	13127025	"11045008"	"11024019"	4	182.96	800.04	270.23	45.8
"539"	13127026	"11045008"	"11024019"	4	166.46	811.91	272.23	45.4
"540"	13127027	"11045008"	"11024019"	4	174.76	805.13	273.77	45.2
"541"	13127028	"11045008"	"11024019"	4	177.99	802.26	265.22	45.2
"542"	13127029	"11045008"	"11024019"	4	170.85	809.76	260.55	45
"543"	13127030	"11045008"	"11024019"	4	178.75	803.49	274.08	45
"544"	13127031	"11045008"	"11024019"	4	176.56	813.74	280.6	44.8
"545"	13127032	"11045008"	"11024019"	4	172.82	802.03	280	44.6
"546"	13127033	"11045008"	"11024019"	4	176.72	807.28	277.54	44.6
"547"	13127034	"11045008"	"11024019"	4	168.58	808.29	273.78	44.6
"548"	13127035	"11045008"	"11024019"	4	158.78	818.76	272.52	44.2
"549"	13127036	"11045008"	"11024019"	4	169.85	805.3	287.13	44.2
"550"	13127037	"11045008"	"11024019"	4	182	798.67	282.43	44.2
"551"	13127038	"11045008"	"11024019"	4	167.74	812.12	275.56	44
"552"	13128001	"11018003"	"11087020"	4	178.97	801.2	292.4	58.4
"553"	13128002	"11018003"	"11087020"	4	188.15	798.19	279.49	57.6
"554"	13128003	"11018003"	"11087020"	4	187.88	785.9	272.81	56.8
"555"	13128004	"11018003"	"11087020"	4	182.43	792.61	291.6	56.2
"556"	13128005	"11018003"	"11087020"	4	181.96	796.97	279.44	55.6
"557"	13128006	"11018003"	"11087020"	4	160.51	808.43	270.66	55.4
"558"	13128007	"11018003"	"11087020"	4	163.22	821.13	273.1	55
"559"	13128008	"11018003"	"11087020"	4	174.94	789.32	277.45	54.2
"560"	13128009	"11018003"	"11087020"	4	169.42	809.51	274.14	53.8
"561"	13128010	"11018003"	"11087020"	4	186.39	797.9	283.9	53.2
"562"	13128011	"11018003"	"11087020"	4	173.47	807.66	278.52	53
"563"	13128012	"11018003"	"11087020"	4	170.52	804.5	268.22	52.8
"564"	13128013	"11018003"	"11087020"	4	169.55	799.96	265.39	52.6
"565"	13128014	"11018003"	"11087020"	4	164.78	807.97	268.56	52.4
"566"	13128015	"11018003"	"11087020"	4	185.21	793.5	270.92	52.4
"567"	13128016	"11018003"	"11087020"	4	157.15	816.07	267.5	52.4
"568"	13128017	"11018003"	"11087020"	4	184.8	797.33	290.7	52.2
"569"	13128018	"11018003"	"11087020"	4	161.85	814.18	274.27	51.8
"570"	13128019	"11018003"	"11087020"	4	173.92	800.9	278.12	51.8
"571"	13128020	"11018003"	"11087020"	4	165.9	808.07	287.82	51.8
"572"	13128021	"11018003"	"11087020"	4	177.91	808.17	276.61	51.6
"573"	13128022	"11018003"	"11087020"	4	176.29	805.29	293.03	51.4
"574"	13128023	"11018003"	"11087020"	4	184.23	797.57	274.41	51.4
"575"	13128024	"11018003"	"11087020"	4	170.77	803.61	275.36	51.4
"576"	13128025	"11018003"	"11087020"	4	187.55	792.84	280.23	51.2
"577"	13128026	"11018003"	"11087020"	4	173.41	803.72	284.63	51.2
"578"	13128027	"11018003"	"11087020"	4	185.52	799.76	265.62	51.2
"579"	13128028	"11018003"	"11087020"	4	189.13	793.43	286.15	50.8
"580"	13128029	"11018003"	"11087020"	4	199.02	794.23	291.07	50.6
"581"	13128030	"11018003"	"11087020"	4	178.47	801.48	268.15	50.6
"582"	13128031	"11018003"	"11087020"	4	186.16	796.24	277.26	50.4
"583"	13128032	"11018003"	"11087020"	4	169.2	814.46	275.71	50.2
"584"	13128033	"11018003"	"11087020"	4	173.99	804.1	284.11	50
"585"	13128034	"11018003"	"11087020"	4	169.68	805.91	268.35	49.8
"586"	13128035	"11018003"	"11087020"	4	186.61	799.92	289.18	49.8
"587"	13128036	"11018003"	"11087020"	4	167.16	808.11	264.93	49.6
"588"	13128037	"11018003"	"11087020"	4	184.99	793.38	289.3	49.4
"589"	13128038	"11018003"	"11087020"	4	190.69	797.54	277.66	49
"590"	13331001	"11345301"	"11338301"	1	203.8	793.1	307.37	55.4
"591"	13331002	"11345301"	"11338301"	1	209.12	790.15	317.78	54.6
"592"	13331003	"11345301"	"11338301"	1	222.58	797.22	310.48	53.2
"593"	13331004	"11345301"	"11338301"	1	200.28	806.62	276.75	52
"594"	13331005	"11345301"	"11338301"	1	217.88	796.12	302.74	51.8
"595"	13331006	"11345301"	"11338301"	1	206.44	808.26	294.44	51.8
"596"	13331007	"11345301"	"11338301"	1	226.39	795.41	326.74	50.4
"597"	13331008	"11345301"	"11338301"	1	216.72	785.68	298.45	50
"598"	13331009	"11345301"	"11338301"	1	167.26	814.6	282.49	50
"599"	13331011	"11345301"	"11338301"	1	222.28	794.02	322.74	49.4
"600"	13331012	"11345301"	"11338301"	1	218.73	796.67	296.69	49.4
"601"	13331013	"11345301"	"11338301"	1	188.6	809.36	305.01	48.4
"602"	13331014	"11345301"	"11338301"	1	240.55	787.45	312.96	48
"603"	13331015	"11345301"	"11338301"	1	195.52	805.28	294.08	47.8
"604"	13331016	"11345301"	"11338301"	1	203.69	792.52	290.97	47.6
"605"	13331017	"11345301"	"11338301"	1	219.11	803.89	306.07	47.2
"606"	13331018	"11345301"	"11338301"	1	211.97	801.83	313.76	47
"607"	13331019	"11345301"	"11338301"	1	210.33	813.27	287.06	46.8
"608"	13331020	"11345301"	"11338301"	1	193.16	812.04	292.54	46.6
"609"	13331021	"11345301"	"11338301"	1	215.56	810.64	300.36	46.4
"610"	13331022	"11345301"	"11338301"	1	217.32	812.48	281.07	46.4
"611"	13331023	"11345301"	"11338301"	1	219.07	801.23	301.82	46.2
"612"	13331024	"11345301"	"11338301"	1	220.35	794.75	297.63	46
"613"	13331025	"11345301"	"11338301"	1	220.64	773.96	290.04	45.8
"614"	13331026	"11345301"	"11338301"	1	231.91	782.99	316.84	45.6
"615"	13331027	"11345301"	"11338301"	1	200.35	816.65	312.78	45.6
"616"	13331028	"11345301"	"11338301"	1	205.58	793.56	297.93	45.4
"617"	13331029	"11345301"	"11338301"	1	204.11	821.79	286.35	45.2
"618"	13331030	"11345301"	"11338301"	1	205.9	771.61	299.11	45.2
"619"	13331031	"11345301"	"11338301"	1	207.41	794.89	290.19	45
"620"	13331032	"11345301"	"11338301"	1	232.53	787.97	297.81	45
"621"	13332001	"11348301"	"11346301"	1	196.14	811.76	272.14	48.8
"622"	13332002	"11348301"	"11346301"	1	190.93	794.53	270.64	47.2
"623"	13332003	"11348301"	"11346301"	1	176.77	823.73	287.23	46
"624"	13332004	"11348301"	"11346301"	1	189.5	822.5	286.13	46
"625"	13332005	"11348301"	"11346301"	1	217.67	796.53	300.63	45.4
"626"	13332006	"11348301"	"11346301"	1	185.99	797.22	275.79	45
"627"	13332007	"11348301"	"11346301"	1	193.64	811.66	271	44.8
"628"	13332008	"11348301"	"11346301"	1	205.77	798.43	293.97	43.8
"629"	13332009	"11348301"	"11346301"	1	208.15	807.55	286.22	43.4
"630"	13332010	"11348301"	"11346301"	1	211.73	783.5	274.73	43.2
"631"	13332011	"11348301"	"11346301"	1	201.8	810.8	289.78	43
"632"	13332012	"11348301"	"11346301"	1	196.32	802.25	269.68	42.8
"633"	13332013	"11348301"	"11346301"	1	187.7	797.94	288.86	42.6
"634"	13332014	"11348301"	"11346301"	1	184.95	807.86	278.03	42.4
"635"	13332015	"11348301"	"11346301"	1	178.69	807.24	265.51	42.4
"636"	13332016	"11348301"	"11346301"	1	211.37	798.73	296.24	42
"637"	13332017	"11348301"	"11346301"	1	190.48	794.49	283.95	42
"638"	13332018	"11348301"	"11346301"	1	203.42	806.78	293.02	41.6
"639"	13332019	"11348301"	"11346301"	1	230.49	786.51	294.67	41.6
"640"	13332020	"11348301"	"11346301"	1	215.65	803.15	287.56	41.4
"641"	13332021	"11348301"	"11346301"	1	212.5	814	287.97	41
"642"	13332022	"11348301"	"11346301"	1	181.69	807.18	274.79	40.8
"643"	13332023	"11348301"	"11346301"	1	191.16	791.48	276.25	40.6
"644"	13332024	"11348301"	"11346301"	1	194.01	813.49	301.41	40.4
"645"	13332025	"11348301"	"11346301"	1	194.03	816.17	271.21	39.8
"646"	13332026	"11348301"	"11346301"	1	213.43	807.07	294.29	39.2
"647"	13332027	"11348301"	"11346301"	1	210.85	791.35	280.58	39
"648"	13332028	"11348301"	"11346301"	1	213.61	777.39	301.73	39
"649"	13332029	"11348301"	"11346301"	1	212.34	802.46	289.43	38.8
"650"	13332030	"11348301"	"11346301"	1	192.5	820.2	280.33	38.8
"651"	13332031	"11348301"	"11346301"	1	229.41	792.49	316.98	38.6
"652"	13332032	"11348301"	"11346301"	1	204.32	789.72	283.3	38.6
"653"	13332033	"11348301"	"11346301"	1	205.14	813.36	280.72	38.4
"654"	13332034	"11348301"	"11346301"	1	200.28	817.42	294.07	38.4
"655"	13332035	"11348301"	"11346301"	1	174.76	803.29	271.05	38.4
"656"	13332036	"11348301"	"11346301"	1	211.66	803.64	286.74	38.2
"657"	13332037	"11348301"	"11346301"	1	185.54	798.9	289.91	37.8
"658"	13332038	"11348301"	"11346301"	1	197.49	783.84	285.29	37.8
"659"	13333001	"11348302"	"11340301"	2	197.68	794.37	288.28	61.4
"660"	13333002	"11348302"	"11340301"	2	173.7	811.75	287.67	42.6
"661"	13333003	"11348302"	"11340301"	2	205.07	796.83	285.55	41.2
"662"	13333004	"11348302"	"11340301"	2	204.67	790.54	297.27	41
"663"	13333005	"11348302"	"11340301"	2	194.78	801.21	295.05	40.6
"664"	13333006	"11348302"	"11340301"	2	190.35	803.76	266.33	39.8
"665"	13333007	"11348302"	"11340301"	2	220.7	777.47	307.83	39
"666"	13333008	"11348302"	"11340301"	2	194.02	805.74	291.59	38.8
"667"	13333009	"11348302"	"11340301"	2	206.92	794.48	311.97	38.8
"668"	13333010	"11348302"	"11340301"	2	177.9	808.3	276.88	38.6
"669"	13333011	"11348302"	"11340301"	2	194.15	796.62	282.91	38.2
"670"	13333012	"11348302"	"11340301"	2	211.07	780.15	303.93	38.2
"671"	13333013	"11348302"	"11340301"	2	182.02	808.1	285.66	38.2
"672"	13333014	"11348302"	"11340301"	2	187.98	802.04	286.09	38
"673"	13333015	"11348302"	"11340301"	2	191.7	799.85	297.66	38
"674"	13333016	"11348302"	"11340301"	2	194.84	794.5	280.69	38
"675"	13333017	"11348302"	"11340301"	2	169.04	809.01	290.63	37.6
"676"	13333018	"11348302"	"11340301"	2	193.38	800.43	296.9	37.6
"677"	13333019	"11348302"	"11340301"	2	187.32	802.37	298.55	37.2
"678"	13333020	"11348302"	"11340301"	2	182.48	797.92	275.43	37.2
"679"	13333021	"11348302"	"11340301"	2	199.49	787.29	282.79	36.8
"680"	13333022	"11348302"	"11340301"	2	188.72	803.4	295.6	36.6
"681"	13333023	"11348302"	"11340301"	2	190.35	798.78	279.48	36.4
"682"	13333024	"11348302"	"11340301"	2	214.81	780.59	286.16	36.4
"683"	13333025	"11348302"	"11340301"	2	207.71	788.16	294.8	36
"684"	13333026	"11348302"	"11340301"	2	207.86	791.49	296.29	35.6
"685"	13333027	"11348302"	"11340301"	2	202.2	791.44	289.8	35.6
"686"	13333028	"11348302"	"11340301"	2	178.95	808.68	303.97	35.6
"687"	13333029	"11348302"	"11340301"	2	182.08	811.47	280.14	35.2
"688"	13333030	"11348302"	"11340301"	2	180.67	813.6	278.34	35.2
"689"	13333031	"11348302"	"11340301"	2	187.15	809.5	283.21	35.2
"690"	13333032	"11348302"	"11340301"	2	198.03	798.24	272.43	35.2
"691"	13333033	"11348302"	"11340301"	2	183.58	808.06	290.3	35.2
"692"	13333034	"11348302"	"11340301"	2	193.41	790.84	303.7	35.2
"693"	13333035	"11348302"	"11340301"	2	213.2	788	293.71	35.2
"694"	13333036	"11348302"	"11340301"	2	190.25	793.8	295.73	35.2
"695"	13333037	"11348302"	"11340301"	2	182.68	805.61	288.58	35
"696"	13333038	"11348302"	"11340301"	2	187.21	799.18	281.01	34.8
"697"	13333039	"11348302"	"11340301"	2	182.85	805.53	280	34.8
"698"	13333040	"11348302"	"11340301"	2	188.61	804.02	290.48	34.6
"699"	13334001	"11342301"	"11334301"	2	182.03	802.06	266.55	51.2
"700"	13334002	"11342301"	"11334301"	2	198.5	795.3	278.58	48.4
"701"	13334003	"11342301"	"11334301"	2	187.63	813.97	263.25	48.2
"702"	13334004	"11342301"	"11334301"	2	180.02	802.09	274.97	48
"703"	13334005	"11342301"	"11334301"	2	192.53	786.71	280.49	47.8
"704"	13334006	"11342301"	"11334301"	2	178.82	811.37	284.15	47.4
"705"	13334007	"11342301"	"11334301"	2	174.83	805.05	261.11	46.4
"706"	13334008	"11342301"	"11334301"	2	188.51	792.17	287.59	46.4
"707"	13334009	"11342301"	"11334301"	2	183.71	794.63	269.13	46.2
"708"	13334010	"11342301"	"11334301"	2	182.72	800.8	269.91	45.8
"709"	13334011	"11342301"	"11334301"	2	175.2	809.69	268.73	45.2
"710"	13334012	"11342301"	"11334301"	2	193.05	801.12	271.28	44.4
"711"	13334013	"11342301"	"11334301"	2	195.68	790.82	288.81	44
"712"	13334014	"11342301"	"11334301"	2	186.17	800.23	271.97	44
"713"	13334015	"11342301"	"11334301"	2	184.45	798.91	272.77	43.8
"714"	13334016	"11342301"	"11334301"	2	180.73	802.56	277.14	43.6
"715"	13334017	"11342301"	"11334301"	2	193.63	802.56	267.44	43.6
"716"	13334018	"11342301"	"11334301"	2	194.17	795.74	275.12	43.6
"717"	13334019	"11342301"	"11334301"	2	178.68	808.68	263.49	43.6
"718"	13334020	"11342301"	"11334301"	2	187.41	801.87	264.11	43.4
"719"	13334021	"11342301"	"11334301"	2	209.16	783.78	260.71	43.2
"720"	13334022	"11342301"	"11334301"	2	193.24	803.3	261.52	43.2
"721"	13334023	"11342301"	"11334301"	2	168.01	809.51	259.97	43.2
"722"	13334024	"11342301"	"11334301"	2	187.48	802.41	267.37	43
"723"	13334025	"11342301"	"11334301"	2	187.89	796.1	263.15	42.8
"724"	13334026	"11342301"	"11334301"	2	185.12	805.59	260.88	42.4
"725"	13334027	"11342301"	"11334301"	2	187.72	798.74	258.6	42
"726"	13334028	"11342301"	"11334301"	2	182.1	801.29	269.27	41.8
"727"	13334029	"11342301"	"11334301"	2	188.76	797.66	277.78	41.8
"728"	13334030	"11342301"	"11334301"	2	175.18	799.7	259.4	41.8
"729"	13334031	"11342301"	"11334301"	2	178.12	809.37	249.34	41.6
"730"	13334032	"11342301"	"11334301"	2	193.73	787.84	250.3	41.6
"731"	13334033	"11342301"	"11334301"	2	179.14	797.74	266.26	41.6
"732"	13334034	"11342301"	"11334301"	2	185.51	796.83	271.18	41.4
"733"	13334035	"11342301"	"11334301"	2	172.83	815.81	269.06	41.2
"734"	13334036	"11342301"	"11334301"	2	193.43	796.7	266.47	41.2
"735"	13334037	"11342301"	"11334301"	2	198.58	804.42	272.34	41
"736"	13334038	"11342301"	"11334301"	2	187.83	800.99	275.46	41
"737"	13334039	"11342301"	"11334301"	2	180.96	804.1	268.25	41
"738"	13334040	"11342301"	"11334301"	2	186.07	798.36	267.09	40.6
"739"	13335001	"11341301"	"11347301"	3	194.72	783.85	306.65	57
"740"	13335002	"11341301"	"11347301"	3	190.71	788.52	278.99	50
"741"	13335003	"11341301"	"11347301"	3	190.29	799.07	290.17	47.2
"742"	13335004	"11341301"	"11347301"	3	231.79	776.21	302.82	47
"743"	13335005	"11341301"	"11347301"	3	197.92	794.38	286.16	46.8
"744"	13335006	"11341301"	"11347301"	3	181.05	811.57	288.78	46.2
"745"	13335007	"11341301"	"11347301"	3	212.21	770.39	284.73	45.8
"746"	13335008	"11341301"	"11347301"	3	190.45	794.16	300.87	45.8
"747"	13335009	"11341301"	"11347301"	3	191.16	786.04	308.67	45.2
"748"	13335010	"11341301"	"11347301"	3	173.37	815.05	270.82	44.8
"749"	13335011	"11341301"	"11347301"	3	170.29	816.8	267.08	44.6
"750"	13335012	"11341301"	"11347301"	3	173.65	805.44	272.68	44.2
"751"	13335013	"11341301"	"11347301"	3	186.26	803.54	278.67	43.6
"752"	13335014	"11341301"	"11347301"	3	182.93	798.69	278.2	43.6
"753"	13335015	"11341301"	"11347301"	3	197.2	800.34	294.79	42.4
"754"	13335016	"11341301"	"11347301"	3	200.06	809.14	306.76	42.4
"755"	13335017	"11341301"	"11347301"	3	188.41	804.81	280.47	42.2
"756"	13335018	"11341301"	"11347301"	3	186.39	804.38	286.85	42.2
"757"	13335019	"11341301"	"11347301"	3	188.69	791.48	295.33	41.6
"758"	13335020	"11341301"	"11347301"	3	179.66	800.47	279.42	41.6
"759"	13335021	"11341301"	"11347301"	3	182.52	803.6	266.1	41.4
"760"	13335022	"11341301"	"11347301"	3	175.11	816.29	273.36	41.2
"761"	13335023	"11341301"	"11347301"	3	191	794.24	275.14	40.6
"762"	13335024	"11341301"	"11347301"	3	183.23	807.92	291.01	40.6
"763"	13335025	"11341301"	"11347301"	3	186.67	804.84	277.64	40.4
"764"	13335026	"11341301"	"11347301"	3	207.12	778.94	303.58	40.4
"765"	13335027	"11341301"	"11347301"	3	169.82	813.89	282.26	39.8
"766"	13335028	"11341301"	"11347301"	3	195.94	806.46	291.1	39.6
"767"	13335029	"11341301"	"11347301"	3	182.58	801.05	287.54	39.4
"768"	13335030	"11341301"	"11347301"	3	190.62	791.84	291.92	39.4
"769"	13335031	"11341301"	"11347301"	3	196.29	808.41	309.67	39.2
"770"	13335032	"11341301"	"11347301"	3	183.91	802.81	263.49	39
"771"	13335033	"11341301"	"11347301"	3	187.54	796.03	280.7	38.8
"772"	13335034	"11341301"	"11347301"	3	170.57	807.05	271.77	38.6
"773"	13340001	"11339301"	"11343301"	4	169.5	810.44	286.35	51
"774"	13340002	"11339301"	"11343301"	4	185.7	811.24	309.61	50.6
"775"	13340003	"11339301"	"11343301"	4	159.49	818.49	288.41	49.2
"776"	13340004	"11339301"	"11343301"	4	173.59	815.03	278.93	48.6
"777"	13340005	"11339301"	"11343301"	4	165.21	815.91	277.33	48
"778"	13340006	"11339301"	"11343301"	4	175.73	807.03	290.56	47.6
"779"	13340007	"11339301"	"11343301"	4	192.59	803.17	289.02	47.6
"780"	13340008	"11339301"	"11343301"	4	161.75	814.09	290.53	46.2
"781"	13340009	"11339301"	"11343301"	4	187.25	797.1	283.93	46.2
"782"	13340010	"11339301"	"11343301"	4	179.24	803.2	309.9	46.2
"783"	13340011	"11339301"	"11343301"	4	168.61	813.18	295.14	45.8
"784"	13340012	"11339301"	"11343301"	4	165.89	816.53	301.61	45.8
"785"	13340013	"11339301"	"11343301"	4	168.13	818.98	293.25	44.2
"786"	13340014	"11339301"	"11343301"	4	166.87	813.48	288.22	44.2
"787"	13340015	"11339301"	"11343301"	4	147.53	826.78	299.58	44
"788"	13340016	"11339301"	"11343301"	4	172.27	809.21	287.08	44
"789"	13340017	"11339301"	"11343301"	4	176.36	806.43	290.74	43.8
"790"	13340018	"11339301"	"11343301"	4	181.81	809.15	295.31	43.6
"791"	13340019	"11339301"	"11343301"	4	145.51	822.7	278.33	43.6
"792"	13340020	"11339301"	"11343301"	4	173.65	802.19	284.38	43.2
"793"	13340021	"11339301"	"11343301"	4	183.9	794.8	279.68	43.2
"794"	13340022	"11339301"	"11343301"	4	174.53	809.72	292.77	43
"795"	13340023	"11339301"	"11343301"	4	160.41	823.81	278.92	43
"796"	13340024	"11339301"	"11343301"	4	172.41	809.77	293.64	42.8
"797"	13340025	"11339301"	"11343301"	4	177.06	808.68	284.21	42.8
"798"	13340026	"11339301"	"11343301"	4	179.86	807.35	298.6	42.6
"799"	13340027	"11339301"	"11343301"	4	167.61	814.18	279.88	42.4
"800"	13340028	"11339301"	"11343301"	4	170.55	812.06	296.88	42
"801"	13340029	"11339301"	"11343301"	4	166.97	814.81	290	42
"802"	13340030	"11339301"	"11343301"	4	163.4	826.25	277.82	42
"803"	13340031	"11339301"	"11343301"	4	164.4	813.92	271.99	42
"804"	13340032	"11339301"	"11343301"	4	178.79	814.2	289.82	41.8
"805"	13340033	"11339301"	"11343301"	4	155.23	824.67	272.18	41.8
"806"	13340034	"11339301"	"11343301"	4	177.11	810.89	284.81	41.6
"807"	13340035	"11339301"	"11343301"	4	175.01	805.06	285.55	41.6
"808"	13340036	"11339301"	"11343301"	4	158.91	818.03	281.57	41.6
"809"	13340037	"11339301"	"11343301"	4	174.46	804.13	294.73	41.6